x,y,z
20021,33969,67070
20241,33939,67070
19956,34014,67070
20459,34021,67070
20518,33991,67070
21246,34029,67070
21378,33986,67070
21513,34025,67070
21577,34032,67070
19461,34092,67070
19531,34111,67070
19633,34065,67070
19892,34069,67070
20049,34072,67070
21417,34076,67070
21529,34087,67070
21579,34083,67070
21647,34054,67070
21732,34102,67070
21763,34057,67070
19324,34164,67070
19416,34169,67070
19943,34126,67070
20061,34167,67070
21075,34115,67070
21295,34152,67070
21622,34138,67070
21714,34157,67070
21851,34124,67070
21972,34128,67070
22130,34149,67070
19237,34239,67070
19533,34177,67070
19795,34202,67070
19969,34213,67070
20919,34191,67070
21068,34180,67070
21165,34179,67070
21349,34181,67070
21412,34195,67070
21483,34217,67070
21559,34200,67070
21640,34224,67070
21776,34226,67070
21907,34231,67070
22054,34204,67070
19079,34301,67070
19157,34241,67070
19256,34303,67070
19316,34262,67070
19400,34268,67070
19575,34276,67070
19666,34245,67070
19942,34275,67070
20000,34295,67070
20031,34271,67070
20943,34251,67070
20997,34259,67070
21134,34273,67070
21284,34253,67070
21367,34259,67070
21477,34299,67070
21598,34295,67070
21655,34279,67070
21753,34271,67070
21715,34270,67070
21810,34303,67070
21869,34293,67070
21922,34294,67070
21988,34243,67070
21958,34269,67070
22016,34288,67070
22080,34293,67070
19178,34360,67070
19353,34344,67070
19477,34318,67070
19622,34351,67070
19729,34345,67070
19863,34339,67070
20373,34326,67070
20796,34304,67070
20900,34306,67070
21368,34304,67070
21704,34320,67070
21711,34361,67070
21821,34345,67070
21769,34326,67070
21869,34342,67070
21838,34312,67070
21907,34330,67070
21962,34320,67070
22087,34360,67070
22330,34354,67070
19252,34372,67070
19328,34427,67070
19540,34417,67070
19714,34417,67070
19955,34374,67070
20827,34377,67070
21100,34384,67070
21297,34374,67070
21408,34406,67070
21591,34384,67070
21787,34415,67070
21815,34393,67070
21856,34418,67070
21914,34430,67070
21908,34376,67070
22016,34398,67070
22131,34390,67070
22094,34428,67070
18903,34462,67070
19056,34438,67070
19151,34460,67070
19246,34447,67070
19416,34466,67070
19648,34449,67070
20015,34490,67070
20972,34434,67070
20974,34485,67070
21017,34487,67070
21049,34465,67070
21100,34476,67070
21617,34470,67070
21657,34450,67070
21932,34484,67070
21982,34476,67070
22066,34469,67070
22149,34464,67070
22622,34481,67070
18893,34527,67070
18924,34551,67070
19054,34524,67070
19161,34558,67070
19202,34528,67070
19310,34525,67070
19558,34516,67070
19668,34547,67070
19833,34502,67070
20828,34525,67070
21002,34521,67070
21025,34540,67070
21030,34516,67070
21036,34497,67070
21071,34518,67070
21120,34508,67070
21184,34502,67070
21292,34541,67070
21377,34554,67070
21448,34502,67070
21518,34551,67070
21566,34552,67070
21568,34501,67070
21605,34512,67070
21585,34530,67070
21605,34549,67070
21641,34532,67070
21645,34497,67070
21777,34505,67070
21932,34531,67070
21968,34520,67070
22090,34538,67070
22230,34510,67070
18911,34620,67070
18996,34573,67070
18960,34611,67070
19602,34584,67070
19649,34587,67070
19697,34617,67070
20040,34601,67070
20122,34572,67070
20987,34591,67070
21042,34581,67070
21034,34606,67070
21024,34569,67070
21069,34609,67070
21080,34579,67070
21167,34595,67070
21411,34578,67070
21439,34615,67070
21461,34580,67070
21493,34586,67070
21528,34600,67070
21560,34582,67070
21566,34609,67070
21585,34595,67070
21593,34623,67070
21619,34612,67070
21585,34565,67070
21609,34579,67070
21655,34602,67070
21712,34611,67070
21911,34599,67070
21979,34565,67070
22047,34584,67070
18866,34648,67070
18924,34666,67070
19068,34625,67070
19317,34660,67070
19492,34624,67070
19616,34646,67070
19674,34675,67070
19653,34624,67070
19748,34640,67070
19737,34671,67070
19793,34654,67070
19874,34655,67070
19942,34658,67070
20007,34648,67070
20114,34665,67070
20248,34655,67070
20385,34627,67070
20826,34670,67070
20916,34663,67070
20884,34661,67070
20989,34666,67070
21007,34633,67070
21045,34631,67070
21073,34653,67070
21132,34664,67070
21244,34645,67070
21359,34650,67070
21458,34682,67070
21489,34638,67070
21550,34652,67070
21618,34666,67070
21662,34655,67070
21703,34649,67070
21997,34645,67070
22115,34643,67070
22362,34643,67070
22596,34680,67070
22819,34660,67070
18840,34717,67070
18916,34734,67070
18990,34699,67070
19510,34721,67070
19729,34713,67070
19770,34700,67070
19983,34739,67070
20101,34749,67070
20313,34739,67070
20596,34692,67070
20830,34750,67070
20885,34731,67070
20929,34713,67070
21030,34733,67070
21098,34699,67070
21425,34707,67070
21482,34703,67070
21507,34689,67070
21522,34749,67070
21574,34724,67070
21608,34729,67070
21594,34701,67070
21645,34706,67070
21708,34693,67070
21830,34713,67070
22489,34698,67070
22535,34720,67070
22671,34727,67070
18904,34804,67070
18972,34776,67070
19135,34762,67070
19363,34792,67070
19638,34773,67070
19830,34756,67070
20202,34770,67070
20238,34809,67070
20249,34763,67070
20284,34762,67070
20282,34800,67070
20317,34778,67070
20393,34762,67070
20729,34790,67070
20702,34810,67070
20918,34777,67070
20965,34764,67070
21187,34808,67070
21418,34773,67070
21486,34790,67070
21960,34762,67070
22182,34794,67070
25537,34803,67070
26015,34804,67070
19500,34848,67070
19750,34849,67070
19717,34879,67070
19798,34866,67070
19783,34840,67070
19845,34860,67070
19932,34848,67070
20051,34868,67070
20184,34840,67070
20246,34875,67070
20237,34848,67070
20272,34836,67070
20291,34868,67070
20386,34853,67070
20446,34825,67070
20461,34874,67070
20506,34847,67070
20603,34839,67070
20561,34828,67070
20548,34855,67070
20636,34870,67070
20685,34867,67070
20774,34840,67070
20890,34842,67070
20972,34816,67070
21020,34862,67070
21372,34877,67070
21433,34843,67070
21398,34855,67070
21857,34863,67070
22411,34843,67070
22635,34850,67070
22707,34825,67070
25174,34865,67070
25393,34816,67070
25809,34833,67070
26095,34834,67070
26051,34858,67070
26206,34841,67070
26326,34831,67070
26443,34817,67070
18820,34926,67070
19089,34933,67070
19343,34911,67070
19627,34941,67070
19643,34883,67070
19658,34937,67070
19674,34919,67070
19705,34924,67070
19737,34913,67070
19775,34929,67070
19768,34897,67070
19818,34940,67070
19803,34900,67070
19858,34921,67070
19872,34902,67070
19931,34938,67070
20026,34942,67070
20146,34939,67070
20175,34896,67070
20208,34930,67070
20264,34899,67070
20316,34907,67070
20412,34883,67070
20363,34893,67070
20458,34924,67070
20540,34908,67070
20505,34918,67070
20587,34880,67070
20565,34920,67070
20620,34903,67070
20652,34920,67070
20742,34900,67070
20791,34907,67070
20917,34924,67070
20983,34914,67070
21282,34935,67070
21357,34930,67070
21411,34880,67070
21395,34930,67070
21615,34921,67070
22020,34935,67070
22574,34902,67070
22636,34930,67070
23861,34918,67070
24931,34920,67070
25018,34913,67070
25958,34926,67070
26008,34889,67070
26074,34893,67070
26106,34926,67070
26064,34930,67070
26145,34924,67070
26245,34940,67070
26520,34912,67070
26600,34887,67070
19635,34979,67070
19680,34968,67070
19702,34954,67070
19748,34954,67070
19799,34964,67070
19861,34965,67070
20043,34986,67070
20093,34954,67070
20204,34989,67070
20269,34969,67070
20388,34945,67070
20400,35004,67070
20445,34986,67070
20496,34954,67070
20529,34953,67070
20521,34991,67070
20622,34994,67070
20738,34947,67070
20847,34951,67070
20948,34975,67070
21120,35001,67070
21156,34971,67070
21221,34963,67070
21288,34973,67070
21327,34971,67070
21366,34961,67070
21340,34950,67070
21408,34976,67070
21885,34996,67070
22214,34952,67070
22396,34957,67070
22460,34987,67070
22535,34976,67070
24227,34952,67070
24404,34986,67070
24494,35002,67070
25007,34967,67070
25443,34945,67070
25631,34953,67070
25611,35004,67070
25664,34998,67070
26005,34959,67070
26072,34981,67070
26156,34982,67070
26130,34961,67070
26189,35004,67070
26195,34945,67070
26230,34967,67070
26333,34986,67070
26481,34966,67070
26589,34987,67070
26728,34961,67070
19413,35050,67070
19556,35019,67070
19656,35020,67070
19744,35018,67070
20118,35021,67070
20173,35071,67070
20346,35069,67070
20433,35033,67070
20504,35034,67070
20769,35013,67070
20787,35068,67070
20736,35070,67070
20886,35028,67070
20939,35041,67070
20989,35025,67070
21109,35057,67070
21151,35016,67070
21226,35061,67070
21225,35031,67070
21191,35046,67070
21318,35037,67070
21423,35010,67070
22299,35057,67070
22463,35053,67070
23944,35064,67070
24548,35029,67070
24625,35009,67070
24726,35021,67070
24885,35038,67070
25081,35038,67070
25704,35060,67070
25774,35063,67070
25756,35025,67070
25796,35032,67070
25831,35017,67070
25819,35060,67070
25903,35031,67070
25981,35014,67070
26020,35043,67070
26106,35062,67070
26136,35016,67070
26626,35038,67070
26847,35034,67070
19286,35085,67070
19664,35113,67070
19672,35078,67070
19926,35079,67070
20092,35105,67070
20150,35103,67070
20221,35112,67070
20251,35096,67070
20445,35118,67070
20571,35119,67070
20685,35103,67070
20849,35101,67070
21001,35131,67070
21029,35079,67070
21068,35120,67070
21108,35119,67070
21166,35082,67070
21237,35089,67070
21265,35105,67070
21370,35087,67070
21330,35103,67070
21347,35130,67070
21393,35127,67070
21423,35108,67070
21403,35078,67070
21480,35088,67070
21660,35086,67070
21762,35115,67070
21847,35083,67070
22133,35125,67070
24287,35080,67070
24442,35095,67070
24537,35106,67070
24603,35078,67070
25247,35127,67070
25594,35076,67070
25647,35105,67070
25714,35122,67070
25762,35113,67070
25817,35101,67070
25974,35078,67070
26016,35123,67070
26202,35075,67070
26255,35108,67070
26302,35112,67070
26344,35098,67070
26419,35075,67070
26525,35103,67070
26634,35110,67070
26726,35079,67070
19066,35140,67070
19664,35167,67070
19746,35183,67070
19775,35152,67070
20079,35190,67070
20127,35173,67070
20193,35158,67070
20260,35142,67070
20266,35186,67070
20318,35151,67070
20382,35149,67070
20679,35156,67070
20719,35136,67070
20772,35144,67070
20965,35185,67070
21052,35184,67070
21098,35150,67070
21185,35145,67070
21288,35163,67070
21403,35187,67070
21486,35143,67070
21452,35153,67070
21463,35192,67070
21727,35177,67070
21770,35163,67070
22308,35153,67070
22407,35163,67070
23962,35164,67070
24083,35182,67070
24171,35137,67070
24337,35183,67070
24590,35182,67070
25757,35170,67070
25837,35144,67070
25891,35147,67070
25948,35180,67070
26028,35182,67070
26136,35148,67070
26332,35143,67070
26385,35161,67070
26573,35186,67070
26680,35158,67070
26797,35159,67070
19255,35210,67070
19675,35227,67070
19703,35201,67070
19733,35231,67070
19858,35208,67070
19992,35242,67070
20079,35247,67070
20141,35235,67070
20200,35255,67070
20220,35216,67070
20266,35227,67070
20239,35251,67070
20309,35209,67070
20346,35212,67070
20449,35226,67070
20594,35222,67070
20549,35242,67070
20657,35202,67070
20627,35255,67070
20734,35205,67070
20825,35216,67070
20929,35236,67070
20989,35253,67070
21053,35261,67070
21095,35248,67070
21133,35220,67070
21165,35213,67070
21163,35248,67070
21199,35223,67070
21238,35254,67070
21279,35251,67070
21350,35232,67070
21428,35237,67070
21472,35244,67070
21587,35206,67070
22330,35260,67070
23217,35252,67070
24214,35251,67070
24280,35252,67070
24334,35257,67070
24449,35217,67070
24707,35210,67070
24893,35254,67070
25800,35244,67070
25868,35204,67070
25949,35252,67070
26010,35257,67070
26003,35220,67070
26059,35227,67070
26105,35258,67070
26246,35238,67070
26574,35254,67070
26644,35223,67070
26709,35217,67070
26761,35246,67070
27459,35229,67070
18969,35301,67070
19235,35310,67070
19479,35290,67070
19714,35290,67070
19806,35282,67070
19932,35306,67070
20073,35316,67070
20121,35281,67070
20178,35285,67070
20266,35270,67070
20331,35270,67070
20537,35298,67070
20604,35320,67070
20610,35285,67070
20640,35295,67070
20743,35313,67070
20930,35292,67070
20997,35318,67070
21049,35299,67070
21091,35324,67070
21092,35278,67070
21125,35312,67070
21129,35270,67070
21165,35287,67070
21161,35327,67070
21205,35274,67070
21246,35301,67070
21206,35318,67070
21299,35289,67070
21299,35320,67070
21333,35301,67070
21358,35312,67070
21444,35313,67070
22199,35296,67070
22491,35319,67070
24092,35266,67070
24212,35298,67070
25470,35314,67070
25846,35269,67070
25978,35292,67070
26030,35273,67070
25985,35311,67070
26033,35290,67070
26088,35307,67070
26129,35305,67070
26152,35284,67070
26150,35308,67070
26446,35326,67070
26604,35307,67070
26694,35309,67070
27474,35322,67070
27577,35327,67070
19784,35386,67070
19915,35365,67070
20013,35358,67070
20150,35344,67070
20103,35368,67070
20134,35389,67070
20250,35336,67070
20464,35362,67070
20539,35358,67070
20634,35358,67070
20849,35383,67070
21055,35342,67070
21016,35371,67070
21112,35379,67070
21129,35344,67070
21168,35382,67070
21231,35332,67070
21220,35369,67070
21255,35342,67070
21369,35379,67070
21953,35333,67070
22296,35372,67070
24022,35364,67070
24280,35379,67070
24369,35348,67070
24450,35391,67070
24548,35328,67070
24741,35346,67070
25109,35336,67070
26083,35369,67070
26069,35331,67070
26152,35382,67070
26120,35355,67070
26160,35342,67070
26191,35373,67070
26577,35357,67070
26625,35360,67070
27484,35383,67070
19176,35404,67070
19354,35438,67070
19997,35433,67070
20084,35422,67070
20192,35446,67070
20167,35396,67070
20243,35415,67070
20278,35452,67070
20349,35396,67070
20434,35409,67070
20501,35450,67070
20547,35422,67070
20596,35424,67070
20713,35449,67070
20804,35424,67070
20860,35441,67070
20932,35395,67070
21049,35420,67070
21108,35439,67070
21139,35408,67070
21182,35442,67070
21293,35402,67070
21475,35415,67070
22397,35455,67070
24187,35434,67070
24231,35444,67070
24347,35415,67070
24659,35404,67070
24762,35453,67070
26084,35428,67070
26106,35396,67070
26145,35416,67070
26179,35405,67070
26283,35438,67070
26593,35403,67070
26666,35412,67070
27091,35434,67070
27495,35451,67070
19232,35472,67070
19769,35485,67070
19896,35463,67070
20042,35516,67070
20141,35480,67070
20128,35511,67070
20109,35490,67070
20099,35519,67070
20220,35494,67070
20179,35510,67070
20249,35475,67070
20285,35508,67070
20361,35501,67070
20424,35456,67070
20552,35459,67070
20819,35494,67070
20920,35479,67070
20979,35518,67070
20979,35463,67070
21014,35479,67070
21080,35508,67070
21239,35471,67070
21189,35503,67070
21213,35504,67070
21286,35475,67070
21334,35473,67070
21329,35513,67070
21406,35462,67070
21587,35463,67070
22249,35490,67070
24117,35492,67070
24169,35468,67070
24225,35503,67070
24286,35491,67070
24326,35457,67070
24405,35482,67070
24503,35462,67070
24832,35495,67070
25105,35494,67070
25836,35494,67070
26068,35479,67070
26075,35515,67070
26175,35510,67070
26114,35504,67070
26119,35458,67070
26157,35464,67070
26703,35519,67070
19201,35578,67070
19784,35569,67070
19844,35541,67070
20094,35569,67070
20151,35555,67070
20247,35547,67070
20319,35579,67070
20487,35549,67070
20576,35524,67070
20654,35528,67070
20732,35549,67070
20794,35553,67070
20839,35555,67070
20897,35536,67070
20961,35572,67070
21046,35536,67070
21020,35568,67070
21065,35582,67070
21113,35554,67070
21167,35529,67070
21167,35574,67070
21213,35572,67070
21297,35562,67070
21264,35523,67070
21351,35572,67070
21467,35569,67070
21619,35569,67070
21794,35524,67070
22160,35566,67070
22635,35573,67070
24171,35527,67070
24148,35578,67070
24239,35576,67070
24303,35572,67070
24332,35523,67070
24491,35561,67070
24618,35565,67070
24722,35537,67070
24892,35534,67070
25285,35523,67070
25412,35532,67070
25573,35563,67070
26032,35521,67070
26009,35551,67070
26066,35565,67070
26131,35555,67070
26203,35571,67070
26266,35578,67070
26395,35567,67070
26462,35579,67070
26453,35552,67070
26572,35562,67070
27678,35550,67070
19817,35632,67070
20164,35638,67070
20426,35594,67070
20524,35589,67070
20492,35640,67070
20621,35612,67070
20705,35602,67070
20748,35588,67070
20843,35608,67070
20918,35596,67070
20896,35628,67070
20965,35641,67070
21035,35605,67070
21075,35635,67070
21118,35602,67070
21172,35609,67070
21226,35635,67070
21266,35602,67070
21282,35630,67070
21314,35640,67070
21550,35621,67070
21700,35643,67070
21823,35633,67070
21870,35590,67070
21914,35629,67070
22005,35603,67070
22144,35646,67070
22249,35595,67070
22374,35609,67070
22414,35644,67070
22477,35607,67070
23427,35645,67070
23903,35637,67070
24177,35608,67070
24204,35595,67070
25463,35631,67070
25660,35620,67070
25956,35631,67070
26012,35592,67070
26018,35630,67070
26063,35630,67070
26109,35609,67070
26224,35613,67070
26254,35614,67070
26240,35594,67070
26322,35595,67070
26720,35594,67070
27471,35595,67070
19382,35674,67070
19740,35689,67070
20015,35657,67070
20161,35688,67070
20173,35710,67070
20196,35693,67070
20216,35657,67070
20245,35684,67070
20287,35677,67070
20348,35703,67070
20428,35650,67070
20661,35692,67070
20609,35710,67070
20810,35676,67070
20975,35697,67070
21013,35680,67070
21046,35677,67070
21101,35680,67070
21179,35648,67070
21173,35698,67070
21208,35666,67070
21221,35695,67070
21245,35669,67070
21285,35667,67070
21258,35690,67070
21323,35691,67070
21381,35664,67070
21557,35685,67070
21543,35651,67070
21605,35662,67070
21760,35698,67070
21855,35697,67070
21964,35665,67070
22063,35688,67070
22340,35648,67070
22463,35688,67070
22534,35648,67070
22588,35702,67070
22662,35697,67070
23339,35655,67070
23407,35693,67070
23513,35668,67070
23711,35695,67070
24099,35676,67070
24173,35669,67070
24253,35652,67070
24263,35708,67070
24303,35689,67070
25050,35676,67070
25220,35676,67070
25352,35658,67070
26040,35681,67070
25992,35702,67070
26086,35674,67070
26144,35651,67070
26222,35654,67070
26296,35667,67070
26261,35691,67070
26346,35660,67070
26332,35696,67070
26461,35688,67070
26660,35688,67070
26780,35652,67070
27418,35697,67070
27551,35698,67070
19403,35735,67070
19596,35752,67070
19885,35754,67070
20226,35750,67070
20273,35720,67070
20278,35762,67070
20309,35754,67070
20412,35714,67070
20372,35765,67070
20549,35739,67070
20670,35738,67070
20640,35756,67070
20702,35758,67070
20780,35726,67070
20813,35775,67070
20876,35714,67070
20960,35762,67070
21028,35726,67070
21039,35767,67070
21098,35746,67070
21179,35756,67070
21185,35732,67070
21208,35750,67070
21239,35770,67070
21219,35729,67070
21296,35713,67070
21293,35758,67070
21260,35728,67070
21357,35720,67070
21340,35773,67070
21440,35743,67070
21562,35754,67070
21601,35720,67070
21653,35728,67070
22220,35734,67070
22494,35728,67070
22790,35732,67070
22892,35727,67070
22995,35745,67070
23131,35765,67070
23218,35730,67070
23268,35738,67070
23357,35753,67070
23311,35739,67070
23395,35736,67070
23447,35734,67070
23536,35754,67070
23495,35737,67070
23577,35747,67070
23630,35746,67070
23863,35730,67070
23844,35760,67070
23966,35760,67070
24091,35732,67070
24131,35759,67070
25789,35718,67070
25948,35716,67070
25981,35740,67070
26018,35721,67070
26043,35749,67070
26109,35726,67070
26275,35733,67070
26563,35733,67070
26663,35773,67070
26746,35725,67070
26771,35774,67070
26867,35771,67070
26865,35732,67070
26817,35762,67070
26914,35754,67070
27203,35771,67070
27279,35733,67070
27637,35748,67070
27761,35721,67070
27935,35765,67070
19826,35822,67070
20142,35834,67070
20197,35808,67070
20260,35820,67070
20288,35799,67070
20335,35804,67070
20389,35836,67070
20425,35789,67070
20606,35777,67070
20563,35813,67070
20629,35813,67070
20704,35831,67070
20674,35798,67070
20716,35796,67070
20889,35793,67070
21076,35813,67070
21132,35798,67070
21198,35787,67070
21284,35778,67070
21275,35832,67070
21385,35807,67070
21421,35830,67070
21578,35810,67070
21619,35798,67070
21712,35802,67070
21803,35786,67070
22358,35790,67070
22622,35785,67070
22662,35835,67070
22708,35777,67070
22897,35825,67070
22985,35796,67070
23048,35784,67070
23145,35819,67070
23314,35797,67070
23415,35836,67070
23363,35837,67070
23425,35779,67070
23456,35783,67070
23485,35786,67070
23508,35792,67070
23514,35818,67070
23554,35830,67070
23636,35816,67070
23804,35815,67070
23787,35782,67070
23759,35802,67070
23873,35819,67070
25099,35814,67070
25323,35809,67070
25576,35816,67070
25894,35803,67070
25966,35809,67070
25978,35835,67070
25993,35782,67070
26007,35821,67070
26044,35838,67070
26040,35795,67070
26071,35779,67070
26072,35812,67070
26084,35839,67070
26092,35794,67070
26118,35821,67070
26152,35830,67070
26154,35793,67070
26353,35808,67070
26558,35802,67070
26600,35782,67070
26616,35808,67070
26726,35790,67070
26748,35804,67070
26792,35800,67070
26854,35795,67070
26884,35793,67070
26902,35817,67070
26936,35826,67070
26932,35804,67070
26976,35834,67070
26962,35801,67070
27088,35794,67070
27271,35806,67070
27355,35824,67070
27415,35818,67070
27516,35807,67070
27650,35833,67070
27755,35798,67070
20007,35859,67070
20225,35879,67070
20253,35853,67070
20272,35900,67070
20305,35863,67070
20355,35865,67070
20405,35890,67070
20481,35872,67070
20661,35841,67070
20707,35903,67070
20796,35876,67070
20751,35873,67070
20833,35843,67070
20913,35859,67070
20989,35850,67070
21108,35855,67070
21066,35895,67070
21163,35856,67070
21186,35890,67070
21370,35892,67070
21382,35847,67070
21425,35875,67070
21514,35856,67070
21654,35885,67070
21794,35887,67070
22010,35850,67070
22212,35866,67070
22517,35846,67070
22627,35894,67070
22778,35891,67070
22896,35894,67070
23102,35900,67070
23042,35848,67070
23232,35844,67070
23477,35844,67070
23603,35859,67070
23562,35896,67070
23594,35895,67070
23696,35885,67070
23755,35851,67070
23827,35845,67070
25721,35840,67070
25818,35867,67070
25871,35897,67070
25928,35863,67070
25996,35860,67070
26036,35893,67070
26080,35879,67070
26121,35847,67070
26159,35854,67070
26259,35895,67070
26695,35865,67070
26770,35878,67070
26806,35897,67070
26847,35885,67070
26892,35866,67070
26919,35842,67070
27175,35851,67070
27278,35858,67070
27319,35872,67070
27519,35887,67070
27620,35900,67070
27730,35891,67070
28028,35901,67070
19831,35909,67070
19890,35948,67070
19963,35967,67070
19918,35907,67070
20136,35929,67070
20318,35930,67070
20366,35915,67070
20427,35967,67070
20603,35938,67070
20670,35936,67070
20771,35937,67070
20853,35965,67070
20853,35909,67070
20991,35917,67070
20932,35923,67070
21144,35924,67070
21233,35946,67070
21215,35918,67070
21307,35947,67070
21415,35940,67070
21499,35943,67070
21564,35927,67070
21620,35949,67070
21743,35942,67070
22259,35929,67070
22342,35960,67070
22865,35962,67070
22916,35944,67070
22964,35924,67070
23271,35914,67070
23331,35964,67070
23407,35946,67070
23513,35919,67070
23620,35946,67070
25085,35925,67070
25201,35918,67070
25280,35956,67070
25416,35958,67070
25847,35933,67070
25892,35922,67070
25885,35948,67070
25975,35910,67070
26014,35952,67070
26073,35915,67070
26097,35946,67070
26141,35905,67070
26143,35953,67070
26541,35966,67070
26617,35942,67070
26600,35921,67070
26566,35935,67070
26665,35942,67070
26739,35942,67070
26796,35954,67070
27268,35927,67070
27410,35919,67070
27876,35927,67070
19852,36010,67070
20073,36016,67070
20133,36021,67070
20187,36029,67070
20256,35977,67070
20326,36015,67070
20368,35992,67070
20507,35989,67070
20598,35980,67070
20606,36022,67070
20651,35991,67070
20722,35982,67070
20796,36013,67070
20751,36030,67070
20861,36031,67070
20917,35995,67070
21019,35980,67070
21100,35984,67070
21239,36010,67070
21194,35995,67070
21288,36017,67070
21342,36030,67070
21842,35974,67070
21933,36006,67070
22125,35984,67070
22255,35982,67070
22436,35994,67070
22573,36006,67070
22727,36018,67070
22943,35992,67070
22997,36031,67070
23171,35971,67070
23200,36014,67070
23243,35981,67070
23405,35999,67070
23539,35995,67070
23568,35981,67070
23624,35987,67070
25158,35987,67070
25547,35998,67070
25846,35975,67070
25875,35972,67070
25863,35999,67070
25927,36002,67070
26000,36023,67070
26041,36015,67070
26080,35979,67070
26095,36003,67070
26119,35979,67070
26197,36001,67070
26306,36018,67070
26588,35981,67070
26561,36024,67070
26635,35977,67070
26681,35985,67070
26741,36000,67070
26810,36021,67070
27220,36018,67070
27533,35984,67070
27704,35985,67070
27978,35973,67070
28060,35968,67070
19988,36037,67070
20104,36078,67070
20234,36051,67070
20286,36043,67070
20432,36094,67070
20530,36048,67070
20572,36063,67070
20635,36052,67070
20697,36046,67070
20812,36071,67070
20918,36047,67070
20879,36088,67070
20979,36042,67070
21027,36089,67070
21078,36049,67070
21179,36086,67070
21145,36051,67070
21196,36051,67070
21220,36072,67070
21309,36068,67070
21262,36046,67070
21422,36068,67070
21574,36046,67070
21742,36039,67070
21813,36069,67070
21956,36067,67070
22115,36075,67070
22218,36038,67070
22831,36035,67070
22803,36083,67070
22839,36093,67070
22887,36046,67070
23232,36077,67070
23396,36068,67070
23557,36069,67070
23634,36067,67070
24481,36044,67070
25099,36093,67070
25245,36038,67070
25478,36081,67070
25708,36076,67070
25848,36090,67070
25868,36045,67070
25880,36093,67070
25915,36047,67070
25980,36047,67070
26009,36089,67070
26042,36088,67070
26029,36051,67070
26090,36046,67070
26075,36088,67070
26126,36065,67070
26184,36082,67070
26216,36087,67070
26214,36044,67070
26534,36074,67070
26658,36036,67070
26740,36080,67070
26803,36054,67070
27013,36039,67070
27237,36085,67070
27348,36039,67070
27502,36085,67070
27806,36071,67070
27911,36062,67070
28016,36044,67070
19931,36150,67070
20078,36140,67070
20517,36096,67070
20566,36126,67070
20647,36149,67070
20680,36105,67070
20689,36143,67070
20780,36100,67070
20757,36144,67070
20848,36147,67070
20908,36129,67070
20948,36101,67070
21107,36111,67070
21067,36159,67070
21157,36142,67070
21207,36120,67070
21254,36098,67070
21738,36102,67070
21811,36128,67070
21869,36127,67070
22127,36156,67070
22239,36114,67070
22390,36149,67070
22518,36121,67070
22527,36149,67070
22560,36115,67070
22605,36103,67070
22762,36104,67070
22782,36156,67070
22832,36144,67070
22897,36097,67070
22855,36117,67070
23014,36157,67070
23140,36096,67070
23412,36106,67070
23410,36133,67070
23464,36097,67070
23509,36146,67070
23575,36138,67070
23619,36106,67070
25230,36120,67070
25325,36126,67070
25552,36147,67070
25857,36138,67070
25943,36102,67070
26006,36159,67070
26051,36125,67070
26075,36128,67070
26109,36116,67070
26173,36143,67070
26249,36142,67070
26366,36112,67070
26410,36156,67070
26469,36156,67070
26546,36148,67070
26602,36101,67070
26672,36139,67070
26824,36142,67070
27216,36148,67070
27408,36118,67070
27640,36158,67070
27968,36129,67070
28103,36098,67070
20036,36182,67070
20154,36183,67070
20491,36171,67070
20605,36162,67070
20545,36172,67070
20553,36222,67070
20633,36215,67070
20664,36190,67070
20709,36189,67070
20785,36201,67070
20737,36221,67070
20806,36178,67070
20992,36186,67070
21119,36170,67070
21261,36211,67070
21376,36172,67070
21469,36176,67070
21563,36162,67070
21927,36174,67070
22512,36203,67070
22574,36170,67070
22678,36163,67070
22813,36202,67070
22890,36172,67070
23044,36168,67070
23372,36219,67070
23525,36221,67070
23652,36167,67070
25018,36162,67070
25604,36205,67070
25797,36169,67070
25898,36175,67070
25870,36220,67070
25983,36188,67070
25952,36220,67070
26031,36160,67070
26013,36192,67070
25998,36219,67070
26077,36186,67070
26141,36222,67070
26206,36203,67070
26274,36219,67070
26330,36178,67070
26349,36222,67070
26376,36180,67070
26395,36223,67070
26605,36210,67070
26697,36206,67070
26744,36185,67070
26982,36199,67070
27019,36211,67070
27058,36216,67070
27130,36208,67070
27123,36169,67070
27091,36189,67070
27157,36171,67070
27361,36211,67070
27474,36214,67070
27835,36185,67070
19902,36266,67070
20011,36242,67070
20124,36234,67070
20302,36227,67070
20628,36267,67070
20665,36262,67070
20687,36230,67070
20698,36264,67070
20766,36272,67070
20842,36229,67070
20926,36237,67070
20954,36284,67070
20997,36264,67070
21100,36247,67070
21429,36250,67070
21548,36242,67070
21825,36246,67070
21957,36286,67070
22231,36280,67070
22471,36255,67070
22616,36263,67070
22736,36262,67070
22814,36282,67070
22869,36247,67070
22898,36278,67070
22960,36264,67070
23008,36230,67070
23034,36272,67070
23071,36233,67070
23103,36275,67070
23161,36238,67070
23432,36286,67070
23660,36268,67070
23772,36224,67070
24927,36276,67070
25027,36249,67070
25140,36240,67070
25240,36238,67070
25414,36240,67070
25503,36234,67070
25591,36277,67070
25777,36268,67070
25920,36279,67070
25964,36272,67070
26044,36229,67070
26022,36235,67070
26013,36266,67070
26082,36249,67070
26175,36248,67070
26368,36259,67070
26400,36287,67070
26453,36249,67070
26519,36243,67070
26656,36268,67070
26728,36279,67070
26845,36251,67070
26913,36274,67070
26979,36248,67070
27037,36255,67070
27089,36253,67070
27233,36227,67070
27428,36226,67070
27397,36280,67070
20055,36324,67070
20519,36319,67070
20606,36316,67070
20663,36308,67070
20787,36310,67070
20741,36290,67070
20856,36307,67070
20922,36298,67070
20903,36340,67070
20937,36331,67070
21031,36290,67070
21000,36320,67070
21062,36324,67070
21229,36332,67070
21375,36327,67070
21700,36317,67070
21848,36319,67070
22077,36298,67070
22453,36320,67070
22411,36300,67070
22622,36340,67070
22743,36330,67070
22967,36344,67070
23028,36351,67070
23363,36344,67070
23456,36323,67070
23763,36329,67070
23866,36319,67070
24837,36333,67070
25013,36330,67070
25333,36297,67070
25450,36309,67070
25559,36312,67070
25672,36292,67070
25770,36346,67070
25907,36345,67070
25985,36317,67070
26029,36350,67070
26049,36300,67070
26075,36345,67070
26079,36320,67070
26134,36299,67070
26222,36308,67070
26326,36301,67070
26396,36332,67070
26442,36325,67070
26487,36288,67070
26555,36317,67070
26785,36347,67070
26861,36333,67070
26910,36327,67070
26989,36302,67070
27010,36346,67070
27055,36295,67070
27110,36293,67070
27099,36337,67070
27312,36305,67070
27366,36326,67070
27404,36336,67070
27474,36288,67070
27563,36306,67070
27635,36323,67070
27721,36328,67070
27818,36298,67070
28031,36334,67070
19952,36380,67070
20150,36386,67070
20482,36382,67070
20558,36388,67070
20635,36389,67070
20720,36363,67070
20880,36376,67070
20961,36404,67070
21050,36391,67070
21132,36357,67070
21224,36389,67070
21268,36361,67070
21474,36415,67070
21708,36415,67070
22067,36386,67070
22159,36381,67070
22346,36402,67070
22468,36395,67070
22554,36402,67070
22650,36398,67070
22739,36385,67070
22791,36375,67070
22890,36367,67070
23113,36364,67070
23423,36396,67070
23517,36405,67070
23642,36400,67070
23727,36410,67070
23970,36392,67070
24098,36386,67070
24189,36395,67070
24407,36410,67070
24952,36357,67070
25350,36388,67070
25406,36383,67070
25486,36355,67070
25536,36411,67070
25558,36363,67070
25653,36397,67070
25706,36370,67070
25855,36362,67070
25833,36413,67070
25894,36404,67070
25958,36362,67070
26021,36399,67070
26066,36390,67070
26105,36376,67070
26149,36400,67070
26164,36358,67070
26198,36381,67070
26275,36389,67070
26368,36385,67070
26425,36369,67070
26469,36404,67070
26667,36387,67070
26756,36405,67070
26817,36402,67070
26878,36382,67070
26940,36410,67070
26965,36353,67070
26985,36392,67070
27052,36374,67070
27211,36384,67070
27451,36363,67070
27503,36355,67070
27528,36383,67070
27576,36413,67070
27546,36404,67070
27585,36354,67070
27633,36366,67070
27616,36400,67070
27659,36410,67070
27813,36389,67070
20034,36462,67070
20387,36426,67070
20467,36472,67070
20726,36458,67070
20827,36444,67070
21173,36456,67070
21221,36468,67070
21300,36427,67070
21611,36461,67070
21670,36441,67070
22003,36433,67070
22068,36430,67070
22074,36461,67070
22139,36437,67070
22110,36446,67070
22097,36422,67070
22204,36452,67070
22500,36464,67070
22599,36472,67070
22706,36431,67070
22718,36477,67070
22765,36434,67070
22836,36432,67070
22889,36454,67070
23587,36445,67070
23623,36471,67070
23749,36434,67070
23791,36449,67070
23865,36433,67070
24032,36462,67070
24127,36436,67070
24308,36431,67070
24400,36469,67070
24697,36427,67070
24886,36430,67070
24963,36427,67070
25004,36468,67070
25194,36419,67070
25381,36443,67070
25435,36438,67070
25565,36462,67070
25599,36429,67070
25642,36444,67070
25677,36473,67070
25670,36442,67070
25736,36437,67070
25964,36432,67070
26034,36450,67070
26086,36465,67070
26065,36431,67070
26107,36427,67070
26214,36452,67070
26425,36464,67070
26511,36476,67070
26771,36458,67070
26880,36437,67070
26934,36449,67070
26965,36436,67070
26960,36472,67070
27016,36450,67070
27121,36444,67070
27354,36433,67070
27443,36467,67070
27483,36417,67070
27482,36479,67070
27579,36471,67070
27543,36442,67070
27614,36462,67070
27596,36435,67070
27629,36431,67070
27653,36457,67070
27723,36440,67070
28194,36426,67070
19924,36486,67070
19956,36514,67070
20084,36540,67070
20282,36537,67070
20626,36525,67070
20790,36485,67070
20858,36540,67070
20914,36482,67070
20981,36514,67070
21016,36496,67070
21037,36541,67070
21081,36488,67070
21678,36526,67070
21697,36484,67070
21835,36485,67070
22066,36492,67070
22030,36488,67070
22122,36514,67070
22203,36537,67070
22306,36484,67070
22272,36521,67070
22336,36535,67070
22444,36535,67070
22523,36503,67070
22565,36480,67070
22566,36537,67070
22653,36492,67070
22607,36523,67070
22736,36529,67070
22842,36486,67070
22803,36533,67070
22795,36480,67070
22985,36526,67070
23579,36509,67070
23638,36529,67070
23699,36482,67070
23787,36513,67070
23918,36503,67070
24234,36495,67070
24361,36514,67070
24477,36516,67070
24847,36524,67070
24950,36482,67070
24917,36510,67070
24953,36528,67070
24994,36500,67070
25032,36496,67070
25376,36521,67070
25487,36497,67070
25567,36542,67070
25548,36516,67070
25610,36500,67070
25723,36538,67070
25778,36501,67070
25871,36531,67070
25953,36490,67070
26015,36493,67070
26023,36539,67070
26060,36524,67070
26058,36484,67070
26085,36507,67070
26127,36486,67070
26179,36524,67070
26277,36535,67070
26338,36481,67070
26423,36510,67070
26620,36486,67070
26699,36534,67070
26781,36522,67070
26853,36525,67070
26930,36497,67070
26892,36541,67070
27222,36500,67070
27322,36512,67070
27279,36543,67070
27360,36509,67070
27447,36513,67070
27407,36494,67070
27402,36534,67070
27492,36523,67070
27576,36523,67070
27531,36489,67070
27629,36506,67070
27830,36480,67070
28158,36532,67070
28200,36484,67070
20074,36599,67070
20458,36546,67070
20560,36599,67070
20741,36548,67070
21248,36559,67070
21514,36593,67070
21621,36563,67070
21678,36575,67070
21729,36607,67070
22161,36587,67070
22236,36570,67070
22281,36573,67070
22391,36599,67070
22506,36584,67070
22620,36595,67070
22717,36595,67070
22782,36586,67070
22843,36554,67070
23856,36550,67070
23908,36595,67070
24016,36544,67070
24128,36544,67070
24305,36588,67070
24632,36596,67070
24896,36571,67070
25009,36597,67070
25122,36590,67070
25348,36600,67070
25407,36576,67070
25552,36592,67070
25625,36596,67070
25611,36555,67070
25660,36558,67070
25686,36595,67070
25749,36598,67070
25798,36551,67070
25964,36547,67070
26057,36570,67070
26127,36562,67070
26202,36585,67070
26254,36572,67070
26307,36563,67070
26377,36578,67070
26467,36575,67070
26568,36555,67070
26610,36594,67070
26627,36564,67070
26646,36598,67070
26776,36601,67070
27022,36590,67070
27203,36590,67070
27324,36582,67070
27343,36545,67070
27376,36585,67070
27446,36545,67070
27417,36575,67070
27470,36604,67070
27750,36591,67070
28058,36572,67070
19978,36610,67070
20177,36661,67070
20500,36657,67070
20581,36651,67070
20618,36624,67070
20746,36659,67070
20983,36618,67070
21048,36616,67070
21113,36608,67070
21325,36661,67070
21410,36615,67070
21444,36655,67070
21517,36666,67070
21565,36625,67070
21632,36631,67070
21827,36648,67070
22041,36615,67070
22155,36633,67070
22198,36614,67070
22258,36613,67070
22238,36644,67070
22318,36612,67070
22284,36649,67070
22334,36670,67070
22377,36659,67070
22441,36634,67070
22745,36665,67070
22861,36642,67070
23478,36632,67070
23621,36644,67070
24140,36643,67070
24226,36664,67070
24414,36637,67070
24564,36666,67070
24709,36612,67070
24794,36615,67070
25231,36621,67070
25398,36638,67070
25475,36620,67070
25543,36651,67070
25585,36646,67070
25667,36624,67070
25792,36611,67070
25849,36630,67070
25907,36638,67070
25987,36632,67070
26054,36632,67070
26163,36662,67070
26307,36648,67070
26398,36632,67070
26499,36644,67070
26530,36612,67070
26615,36640,67070
26652,36659,67070
26693,36624,67070
26841,36643,67070
27298,36624,67070
27340,36611,67070
27598,36627,67070
27933,36613,67070
28174,36643,67070
20073,36710,67070
20323,36709,67070
20415,36729,67070
20601,36687,67070
20646,36683,67070
20869,36677,67070
20921,36686,67070
21377,36704,67070
21456,36709,67070
21581,36707,67070
21901,36673,67070
21959,36708,67070
22147,36703,67070
22204,36726,67070
22257,36693,67070
22307,36708,67070
22355,36700,67070
22389,36717,67070
22634,36696,67070
22860,36700,67070
22999,36683,67070
23696,36701,67070
23796,36718,67070
23910,36700,67070
23949,36693,67070
24004,36710,67070
24153,36710,67070
24201,36701,67070
24298,36676,67070
24256,36733,67070
24367,36724,67070
24451,36721,67070
24885,36684,67070
24958,36710,67070
25022,36727,67070
25129,36674,67070
25203,36687,67070
25281,36699,67070
25414,36718,67070
25498,36712,67070
25599,36729,67070
25545,36708,67070
25589,36693,67070
25648,36684,67070
25769,36694,67070
25859,36692,67070
25943,36712,67070
26049,36684,67070
26100,36735,67070
26118,36694,67070
26161,36734,67070
26416,36686,67070
26522,36695,67070
26614,36703,67070
26736,36686,67070
26794,36680,67070
26853,36720,67070
27204,36688,67070
27273,36701,67070
27363,36691,67070
27481,36687,67070
28043,36686,67070
20199,36790,67070
20285,36789,67070
20508,36788,67070
20593,36760,67070
20767,36783,67070
20873,36787,67070
21896,36777,67070
21942,36783,67070
22002,36751,67070
22047,36792,67070
22061,36736,67070
22114,36780,67070
22270,36742,67070
22294,36778,67070
22328,36787,67070
22324,36746,67070
22375,36742,67070
22379,36787,67070
22349,36769,67070
22451,36758,67070
22557,36756,67070
22645,36786,67070
22656,36738,67070
22702,36738,67070
22767,36746,67070
22792,36791,67070
23879,36738,67070
23919,36738,67070
23894,36786,67070
23951,36766,67070
23988,36778,67070
24037,36798,67070
24107,36759,67070
24161,36799,67070
24188,36759,67070
24225,36798,67070
24266,36778,67070
24344,36780,67070
24613,36760,67070
24634,36798,67070
24740,36741,67070
24911,36752,67070
24979,36781,67070
25116,36776,67070
25217,36741,67070
25317,36758,67070
25481,36769,67070
25552,36756,67070
25591,36790,67070
25639,36753,67070
25701,36793,67070
25772,36781,67070
25847,36762,67070
25884,36792,67070
25991,36751,67070
26049,36786,67070
26228,36782,67070
26297,36775,67070
26609,36797,67070
26693,36751,67070
26787,36736,67070
26830,36798,67070
26877,36795,67070
26916,36760,67070
26954,36763,67070
26974,36799,67070
27001,36765,67070
27055,36737,67070
27081,36775,67070
27131,36776,67070
27326,36769,67070
27785,36791,67070
27962,36755,67070
20394,36807,67070
21484,36817,67070
21700,36850,67070
21898,36834,67070
21996,36817,67070
22030,36841,67070
22087,36851,67070
22123,36822,67070
22191,36807,67070
22225,36846,67070
22263,36808,67070
22289,36846,67070
22302,36817,67070
22385,36817,67070
22356,36861,67070
22347,36817,67070
22467,36833,67070
22581,36823,67070
22528,36821,67070
22549,36841,67070
22573,36859,67070
22550,36857,67070
22642,36843,67070
22594,36857,67070
22725,36807,67070
23682,36810,67070
23820,36837,67070
23910,36836,67070
23976,36848,67070
24087,36837,67070
24166,36846,67070
24192,36813,67070
24228,36854,67070
24273,36826,67070
24320,36831,67070
24362,36820,67070
24400,36834,67070
24486,36808,67070
24585,36846,67070
25059,36814,67070
25233,36803,67070
25320,36858,67070
25402,36817,67070
25474,36859,67070
25544,36809,67070
25588,36856,67070
25642,36824,67070
25745,36839,67070
25835,36830,67070
25955,36838,67070
26038,36858,67070
26165,36849,67070
26135,36800,67070
26180,36823,67070
26249,36846,67070
26433,36802,67070
26570,36830,67070
26697,36846,67070
26779,36813,67070
26824,36860,67070
26899,36857,67070
26936,36802,67070
26961,36830,67070
26972,36863,67070
26996,36836,67070
27015,36810,67070
27034,36839,67070
27101,36852,67070
27220,36804,67070
27326,36832,67070
27486,36818,67070
28110,36832,67070
20326,36873,67070
20505,36915,67070
20934,36894,67070
21200,36874,67070
21552,36909,67070
22137,36879,67070
22150,36919,67070
22221,36920,67070
22208,36888,67070
22317,36873,67070
22318,36903,67070
22274,36875,67070
22282,36920,67070
22407,36879,67070
22461,36891,67070
22518,36864,67070
22526,36914,67070
22497,36902,67070
22583,36883,67070
22574,36921,67070
22563,36896,67070
22559,36877,67070
22603,36879,67070
22657,36904,67070
22727,36870,67070
22853,36865,67070
23397,36877,67070
23521,36913,67070
23638,36897,67070
23718,36889,67070
23768,36883,67070
23767,36923,67070
23908,36897,67070
24040,36919,67070
24248,36912,67070
24277,36864,67070
24292,36912,67070
24343,36875,67070
24365,36919,67070
24429,36889,67070
24512,36916,67070
24784,36886,67070
24839,36881,67070
24954,36870,67070
25040,36893,67070
25075,36919,67070
25108,36864,67070
25159,36919,67070
25233,36898,67070
25398,36895,67070
25471,36925,67070
25532,36913,67070
25684,36876,67070
25750,36889,67070
25811,36897,67070
25889,36880,67070
25929,36903,67070
26108,36864,67070
26204,36909,67070
26417,36922,67070
26466,36904,67070
26535,36915,67070
26600,36906,67070
26622,36875,67070
26747,36893,67070
26869,36924,67070
27014,36867,67070
27048,36879,67070
27080,36920,67070
27137,36880,67070
27304,36901,67070
27538,36918,67070
27618,36868,67070
27662,36917,67070
27927,36864,67070
20631,36976,67070
20955,36961,67070
21460,36946,67070
21619,36968,67070
22176,36957,67070
22266,36986,67070
22337,36952,67070
22412,36970,67070
22512,36971,67070
22479,36967,67070
22493,36948,67070
22469,36932,67070
22534,36945,67070
22609,36974,67070
22706,36972,67070
22775,36930,67070
22841,36954,67070
22951,36934,67070
23048,36938,67070
23193,36943,67070
23332,36975,67070
23592,36973,67070
23667,36959,67070
23733,36949,67070
23834,36952,67070
23967,36928,67070
24081,36983,67070
24162,36937,67070
24248,36956,67070
24309,36989,67070
24278,36945,67070
24361,36977,67070
24322,36929,67070
24404,36960,67070
24476,36966,67070
24537,36984,67070
24610,36956,67070
24711,36946,67070
24721,36986,67070
24775,36956,67070
24876,36942,67070
25035,36932,67070
25314,36949,67070
25405,36977,67070
25791,36974,67070
25774,36934,67070
25823,36935,67070
25896,36987,67070
25887,36931,67070
25932,36972,67070
25984,36932,67070
26064,36939,67070
26169,36979,67070
26119,36939,67070
26230,36984,67070
26367,36985,67070
26310,36933,67070
26387,36961,67070
26483,36955,67070
26537,36985,67070
26606,36981,67070
26661,36947,67070
26720,36977,67070
26804,36938,67070
26765,36966,67070
26933,36944,67070
27008,36940,67070
27157,36931,67070
27233,36964,67070
27358,36970,67070
27736,36964,67070
27847,36961,67070
27974,36938,67070
28082,36976,67070
21548,36999,67070
21978,37054,67070
22363,37000,67070
22424,37051,67070
22511,37015,67070
22468,36997,67070
22550,36997,67070
22700,37023,67070
22804,37025,67070
23092,37032,67070
23420,36998,67070
23724,36993,67070
23748,37045,67070
23931,37000,67070
24020,37009,67070
24059,37001,67070
24115,37018,67070
24184,37019,67070
24246,37049,67070
24210,37041,67070
24246,36997,67070
24281,37033,67070
24315,37036,67070
24354,37020,67070
24393,36994,67070
24389,37043,67070
24472,37046,67070
24573,37053,67070
24686,37016,67070
24746,37033,67070
24813,37032,67070
24926,37004,67070
25114,37035,67070
25249,37006,67070
25500,37008,67070
25656,37035,67070
25722,37020,67070
25837,36996,67070
25878,37032,67070
25921,37015,67070
25995,37010,67070
26104,37000,67070
26149,37031,67070
26203,37021,67070
26248,37045,67070
26348,37033,67070
26410,37014,67070
26481,37025,67070
26588,37037,67070
26655,37025,67070
26742,37015,67070
26810,37013,67070
26885,36999,67070
27588,37013,67070
27885,37030,67070
27929,37017,67070
28008,37023,67070
28081,37051,67070
28174,36997,67070
20869,37093,67070
20993,37078,67070
21105,37085,67070
21211,37064,67070
21300,37057,67070
21288,37108,67070
21444,37064,67070
21562,37094,67070
22219,37079,67070
22320,37063,67070
22488,37100,67070
22505,37059,67070
22614,37078,67070
22704,37102,67070
23144,37098,67070
23265,37098,67070
23340,37056,67070
23401,37057,67070
23540,37064,67070
23740,37107,67070
23816,37104,67070
24017,37066,67070
24062,37117,67070
24096,37076,67070
24159,37107,67070
24132,37112,67070
24158,37058,67070
24208,37086,67070
24291,37076,67070
24329,37115,67070
24344,37062,67070
24396,37107,67070
24900,37117,67070
24990,37075,67070
25219,37077,67070
25291,37099,67070
25362,37071,67070
25437,37081,67070
25625,37106,67070
25697,37077,67070
25745,37088,67070
25787,37115,67070
25813,37060,67070
25862,37107,67070
25933,37075,67070
26002,37102,67070
26081,37075,67070
26186,37075,67070
26256,37095,67070
26293,37065,67070
26322,37102,67070
26385,37071,67070
26445,37113,67070
26532,37066,67070
26602,37099,67070
26687,37119,67070
26636,37066,67070
26717,37065,67070
26738,37108,67070
26783,37064,67070
27230,37078,67070
27425,37093,67070
28012,37100,67070
28085,37110,67070
28145,37068,67070
21037,37172,67070
21158,37143,67070
21219,37167,67070
21205,37132,67070
21255,37160,67070
21597,37163,67070
22097,37168,67070
22207,37169,67070
22326,37150,67070
22562,37147,67070
22685,37175,67070
22769,37131,67070
22928,37142,67070
23107,37155,67070
23185,37122,67070
23177,37180,67070
23620,37159,67070
23709,37142,67070
23900,37120,67070
23996,37180,67070
23944,37174,67070
24059,37146,67070
24027,37133,67070
24080,37145,67070
24103,37129,67070
24245,37131,67070
24219,37130,67070
24317,37158,67070
24278,37136,67070
24344,37160,67070
24790,37127,67070
25040,37171,67070
25232,37175,67070
25335,37166,67070
25415,37134,67070
25500,37179,67070
25692,37165,67070
25773,37164,67070
25819,37139,67070
26364,37177,67070
26380,37136,67070
26547,37132,67070
26593,37147,67070
26659,37130,67070
26727,37142,67070
26761,37180,67070
26797,37126,67070
27757,37135,67070
27944,37122,67070
28005,37166,67070
28085,37156,67070
28119,37124,67070
20933,37188,67070
21027,37246,67070
21108,37189,67070
21156,37239,67070
21134,37212,67070
21192,37203,67070
21228,37238,67070
21334,37208,67070
21461,37187,67070
21564,37230,67070
21677,37194,67070
21981,37227,67070
22445,37213,67070
22576,37247,67070
22550,37188,67070
22615,37242,67070
22645,37223,67070
22593,37205,67070
22673,37230,67070
22765,37225,67070
22844,37240,67070
23056,37218,67070
23155,37215,67070
23231,37213,67070
23668,37239,67070
23686,37197,67070
23718,37210,67070
23761,37187,67070
23811,37187,67070
23905,37206,67070
24052,37198,67070
24158,37190,67070
24561,37234,67070
24816,37234,67070
24887,37190,67070
25154,37187,67070
25402,37196,67070
25658,37191,67070
25722,37209,67070
25798,37245,67070
25807,37205,67070
25916,37217,67070
26434,37219,67070
26521,37227,67070
26555,37193,67070
26579,37240,67070
26657,37201,67070
26745,37246,67070
26754,37211,67070
27067,37219,67070
27922,37195,67070
28009,37232,67070
21000,37291,67070
21041,37300,67070
21104,37283,67070
21261,37306,67070
21426,37284,67070
21518,37308,67070
21601,37305,67070
21869,37309,67070
21982,37309,67070
22077,37276,67070
22174,37281,67070
22248,37257,67070
22324,37295,67070
22358,37270,67070
22385,37266,67070
22399,37283,67070
22350,37296,67070
22375,37305,67070
22443,37293,67070
22405,37303,67070
22522,37272,67070
22503,37307,67070
22567,37285,67070
22600,37277,67070
22650,37256,67070
22634,37295,67070
22703,37306,67070
22662,37282,67070
22933,37294,67070
22994,37270,67070
23100,37295,67070
23314,37260,67070
23424,37275,67070
23497,37275,67070
23576,37261,67070
23612,37306,67070
23659,37277,67070
23708,37276,67070
23760,37252,67070
23765,37302,67070
23856,37254,67070
23945,37248,67070
24006,37261,67070
24074,37250,67070
24282,37303,67070
25263,37279,67070
25434,37297,67070
25560,37261,67070
25599,37311,67070
25671,37280,67070
25770,37278,67070
25831,37298,67070
26202,37251,67070
26417,37279,67070
26472,37296,67070
26560,37276,67070
26608,37272,67070
26708,37307,67070
26835,37253,67070
27294,37254,67070
27502,37282,67070
21021,37338,67070
21067,37351,67070
21962,37369,67070
22085,37357,67070
22129,37354,67070
22164,37350,67070
22186,37324,67070
22201,37350,67070
22241,37349,67070
22309,37317,67070
22309,37352,67070
22324,37318,67070
22386,37329,67070
22396,37363,67070
22363,37346,67070
22356,37321,67070
22413,37330,67070
22441,37337,67070
22430,37358,67070
22464,37362,67070
22465,37333,67070
22498,37349,67070
22526,37335,67070
22483,37319,67070
22554,37313,67070
22599,37317,67070
22649,37314,67070
22825,37341,67070
22957,37335,67070
22996,37371,67070
23012,37334,67070
23047,37362,67070
23188,37334,67070
23240,37337,67070
23346,37345,67070
23436,37346,67070
23496,37338,67070
23617,37347,67070
23666,37329,67070
23903,37336,67070
23973,37314,67070
24038,37323,67070
24028,37370,67070
24113,37367,67070
24132,37315,67070
24817,37345,67070
25557,37366,67070
25850,37322,67070
25873,37356,67070
25926,37356,67070
25995,37355,67070
26392,37372,67070
26414,37324,67070
26418,37360,67070
26451,37374,67070
26471,37338,67070
26515,37350,67070
26505,37313,67070
26584,37320,67070
26626,37372,67070
26907,37321,67070
27194,37354,67070
27871,37350,67070
21085,37412,67070
21106,37383,67070
21188,37387,67070
21344,37395,67070
21456,37377,67070
21447,37438,67070
21757,37436,67070
21879,37407,67070
21939,37433,67070
21950,37410,67070
21998,37429,67070
22035,37381,67070
22117,37382,67070
22098,37398,67070
22082,37425,67070
22115,37426,67070
22128,37405,67070
22172,37398,67070
22144,37429,67070
22219,37384,67070
22219,37413,67070
22241,37410,67070
22269,37425,67070
22277,37394,67070
22366,37412,67070
22440,37415,67070
22444,37380,67070
22421,37383,67070
22459,37393,67070
22504,37394,67070
22474,37395,67070
22551,37428,67070
22536,37407,67070
22532,37385,67070
22603,37385,67070
22696,37388,67070
22936,37424,67070
23029,37429,67070
23093,37390,67070
23162,37395,67070
23231,37413,67070
23313,37439,67070
23363,37422,67070
23444,37420,67070
23552,37383,67070
23658,37386,67070
23797,37386,67070
23972,37408,67070
24078,37437,67070
24142,37396,67070
24373,37396,67070
24545,37436,67070
24740,37418,67070
25074,37378,67070
25343,37398,67070
25465,37432,67070
25764,37386,67070
25875,37410,67070
26058,37382,67070
26140,37425,67070
26303,37438,67070
26345,37407,67070
26443,37438,67070
26491,37382,67070
26527,37431,67070
26556,37392,67070
27006,37419,67070
27125,37423,67070
27171,37388,67070
27626,37436,67070
21119,37449,67070
21169,37471,67070
21224,37471,67070
21398,37475,67070
21552,37465,67070
21913,37469,67070
21991,37497,67070
21977,37444,67070
22001,37461,67070
22072,37473,67070
22016,37441,67070
22204,37480,67070
22308,37441,67070
22354,37463,67070
22382,37498,67070
22415,37454,67070
22494,37444,67070
22543,37478,67070
22682,37441,67070
22657,37480,67070
22730,37469,67070
22806,37453,67070
22862,37469,67070
22985,37477,67070
23199,37474,67070
23275,37473,67070
23401,37501,67070
23460,37488,67070
23552,37496,67070
23628,37481,67070
23705,37442,67070
23862,37466,67070
24001,37476,67070
24121,37452,67070
24091,37479,67070
24125,37479,67070
24164,37464,67070
24140,37454,67070
24274,37467,67070
24371,37480,67070
24441,37473,67070
24527,37462,67070
24646,37473,67070
24861,37472,67070
25380,37482,67070
25492,37497,67070
25852,37472,67070
25989,37442,67070
26082,37473,67070
26213,37457,67070
26264,37503,67070
26342,37482,67070
26358,37453,67070
26389,37494,67070
26589,37459,67070
26798,37494,67070
27152,37474,67070
27251,37448,67070
27755,37466,67070
21168,37557,67070
21296,37523,67070
21411,37538,67070
21622,37561,67070
21890,37522,67070
21944,37542,67070
22000,37537,67070
22014,37520,67070
22084,37546,67070
22244,37556,67070
22327,37504,67070
22440,37513,67070
22562,37550,67070
22671,37553,67070
22745,37540,67070
22775,37509,67070
22792,37542,67070
22865,37534,67070
22953,37507,67070
23027,37510,67070
23270,37550,67070
23333,37506,67070
23656,37521,67070
23739,37517,67070
23984,37522,67070
24019,37558,67070
24057,37535,67070
24087,37507,67070
24065,37562,67070
24089,37548,67070
24126,37564,67070
24163,37520,67070
24385,37565,67070
24496,37539,67070
25071,37558,67070
25329,37566,67070
25421,37521,67070
25488,37542,67070
25569,37524,67070
25735,37540,67070
25827,37520,67070
25875,37529,67070
26059,37552,67070
26152,37528,67070
26246,37556,67070
26339,37529,67070
26475,37531,67070
26545,37504,67070
26593,37555,67070
26983,37561,67070
27087,37561,67070
27207,37552,67070
27293,37554,67070
27409,37563,67070
21150,37628,67070
21254,37605,67070
21372,37583,67070
21465,37602,67070
21862,37588,67070
22017,37577,67070
22161,37575,67070
22233,37627,67070
22360,37601,67070
22562,37603,67070
22617,37593,67070
22763,37616,67070
22735,37580,67070
22772,37585,67070
22802,37590,67070
22915,37597,67070
23097,37605,67070
23353,37579,67070
23391,37597,67070
23452,37568,67070
23520,37606,67070
23578,37574,67070
23685,37581,67070
23894,37569,67070
24008,37599,67070
24079,37618,67070
24097,37581,67070
24125,37595,67070
24136,37622,67070
24153,37590,67070
24176,37576,67070
24178,37613,67070
24207,37569,67070
24219,37598,67070
24231,37624,67070
24260,37593,67070
24586,37582,67070
24697,37581,67070
24667,37629,67070
24793,37579,67070
24772,37625,67070
24912,37592,67070
25020,37623,67070
25101,37602,67070
25216,37591,67070
25434,37599,67070
25513,37590,67070
25567,37614,67070
25679,37621,67070
25806,37603,67070
26314,37616,67070
26355,37587,67070
26305,37571,67070
26592,37606,67070
27529,37618,67070
27683,37569,67070
21220,37686,67070
21316,37684,67070
21525,37652,67070
21735,37633,67070
21835,37690,67070
21933,37659,67070
22003,37632,67070
22069,37648,67070
22161,37669,67070
22285,37673,67070
22509,37691,67070
22583,37649,67070
22691,37694,67070
22669,37633,67070
22761,37690,67070
22774,37648,67070
22820,37660,67070
23227,37677,67070
23303,37682,67070
23490,37657,67070
23643,37660,67070
24102,37669,67070
24127,37680,67070
24187,37648,67070
24160,37641,67070
24167,37660,67070
24129,37653,67070
24211,37641,67070
24554,37658,67070
24559,37695,67070
24639,37645,67070
24590,37665,67070
24608,37681,67070
24671,37666,67070
24730,37651,67070
24704,37684,67070
24803,37648,67070
24783,37673,67070
24863,37685,67070
24838,37636,67070
24939,37693,67070
25114,37656,67070
25344,37688,67070
25418,37671,67070
25483,37648,67070
25643,37661,67070
25739,37677,67070
25887,37651,67070
26006,37648,67070
26363,37639,67070
26492,37634,67070
27023,37654,67070
27144,37653,67070
27262,37647,67070
21256,37746,67070
21413,37698,67070
21497,37743,67070
21587,37750,67070
21890,37712,67070
22025,37724,67070
22157,37749,67070
22239,37736,67070
22403,37746,67070
22592,37714,67070
22746,37743,67070
22793,37727,67070
22926,37713,67070
23084,37739,67070
23137,37744,67070
23389,37700,67070
23457,37729,67070
23539,37698,67070
23574,37739,67070
23605,37722,67070
23667,37732,67070
23798,37702,67070
24016,37727,67070
24386,37710,67070
24574,37742,67070
24596,37756,67070
24594,37730,67070
24610,37709,67070
24619,37739,67070
24655,37705,67070
24702,37755,67070
24719,37721,67070
24751,37697,67070
24793,37708,67070
24830,37714,67070
24773,37738,67070
24832,37748,67070
24911,37755,67070
24996,37738,67070
25054,37711,67070
25180,37741,67070
25311,37748,67070
25401,37724,67070
25495,37753,67070
25565,37697,67070
25660,37720,67070
25723,37739,67070
26007,37755,67070
26224,37728,67070
26569,37717,67070
26715,37697,67070
26927,37702,67070
27093,37736,67070
21272,37810,67070
21291,37771,67070
21324,37765,67070
21321,37811,67070
21365,37782,67070
21407,37803,67070
21423,37790,67070
21503,37773,67070
21753,37791,67070
21923,37813,67070
22135,37799,67070
22322,37800,67070
22485,37785,67070
22570,37788,67070
22665,37785,67070
22797,37797,67070
22869,37817,67070
22943,37822,67070
23033,37801,67070
23098,37804,67070
23140,37822,67070
23191,37761,67070
23299,37768,67070
23416,37797,67070
23505,37763,67070
23551,37785,67070
23613,37760,67070
23618,37813,67070
23668,37791,67070
23713,37771,67070
23739,37803,67070
24120,37807,67070
24221,37800,67070
24567,37768,67070
24612,37777,67070
24602,37813,67070
24624,37797,67070
24642,37769,67070
24662,37797,67070
24717,37792,67070
24739,37768,67070
24809,37803,67070
24773,37769,67070
24778,37800,67070
24881,37793,67070
24964,37800,67070
25066,37811,67070
25610,37799,67070
25692,37767,67070
25734,37781,67070
26021,37818,67070
26539,37800,67070
26647,37795,67070
26834,37770,67070
27027,37810,67070
21313,37869,67070
21374,37886,67070
21349,37836,67070
21377,37830,67070
21396,37841,67070
21456,37850,67070
21507,37884,67070
21657,37886,67070
21823,37886,67070
21992,37887,67070
22039,37839,67070
22092,37828,67070
22208,37833,67070
22393,37861,67070
22652,37885,67070
22750,37874,67070
22820,37830,67070
22856,37885,67070
22907,37854,67070
23069,37852,67070
23227,37842,67070
23340,37839,67070
23479,37862,67070
23617,37853,67070
23667,37849,67070
23686,37886,67070
23737,37862,67070
23875,37844,67070
23968,37872,67070
24066,37847,67070
24145,37852,67070
24234,37875,67070
24585,37868,67070
24629,37832,67070
24693,37829,67070
24767,37842,67070
25006,37852,67070
25045,37887,67070
25145,37849,67070
25234,37866,67070
25351,37832,67070
25446,37831,67070
25614,37886,67070
25715,37839,67070
26037,37881,67070
26126,37872,67070
26417,37852,67070
26587,37867,67070
26628,37834,67070
26764,37831,67070
26901,37824,67070
21390,37933,67070
21593,37890,67070
21742,37945,67070
21910,37919,67070
21958,37944,67070
22156,37940,67070
22307,37925,67070
22486,37906,67070
22825,37943,67070
22794,37919,67070
22882,37945,67070
22968,37912,67070
23052,37916,67070
23074,37936,67070
23166,37900,67070
23140,37941,67070
23127,37890,67070
23222,37927,67070
23307,37922,67070
23373,37908,67070
23420,37929,67070
23616,37928,67070
23697,37920,67070
23748,37921,67070
23826,37912,67070
24281,37924,67070
24384,37912,67070
24506,37933,67070
24694,37894,67070
24897,37888,67070
24966,37948,67070
24979,37913,67070
25003,37945,67070
25016,37911,67070
25038,37945,67070
25050,37917,67070
25133,37937,67070
25431,37935,67070
25515,37940,67070
25540,37894,67070
25618,37943,67070
25676,37949,67070
25993,37947,67070
26063,37913,67070
26267,37945,67070
26510,37898,67070
26582,37938,67070
26670,37893,67070
26764,37924,67070
26836,37911,67070
21437,37980,67070
21531,37985,67070
21633,37958,67070
21831,37977,67070
21921,38010,67070
22046,37971,67070
22555,37994,67070
22623,37959,67070
22726,38000,67070
22856,38000,67070
22913,38002,67070
23276,37986,67070
23232,37992,67070
23385,37982,67070
23470,37967,67070
23435,38008,67070
23533,37957,67070
23570,38011,67070
23663,38001,67070
23684,37960,67070
23726,37959,67070
23707,37985,67070
23786,38008,67070
23818,37962,67070
23929,37959,67070
24127,37974,67070
24313,37968,67070
24409,38006,67070
24624,37990,67070
24724,37988,67070
24802,37970,67070
24923,37989,67070
24987,37978,67070
25026,37982,67070
25060,37963,67070
25323,37994,67070
25571,37959,67070
25635,37983,67070
25675,37997,67070
26054,38013,67070
26098,37957,67070
26413,37973,67070
26503,37971,67070
26692,37991,67070
21566,38051,67070
21647,38038,67070
21720,38043,67070
21768,38042,67070
21809,38066,67070
21846,38039,67070
22139,38033,67070
22359,38064,67070
22565,38074,67070
22632,38067,67070
22809,38076,67070
22862,38052,67070
22899,38025,67070
22957,38021,67070
23053,38028,67070
23186,38020,67070
23277,38050,67070
23335,38032,67070
23430,38055,67070
23460,38036,67070
23523,38039,67070
23577,38055,67070
23680,38051,67070
23712,38060,67070
23707,38021,67070
23955,38063,67070
24022,38050,67070
24715,38057,67070
24774,38070,67070
24899,38072,67070
24976,38045,67070
24984,38021,67070
25216,38047,67070
25529,38029,67070
25656,38077,67070
25920,38023,67070
26179,38061,67070
26294,38069,67070
26353,38028,67070
26416,38035,67070
26494,38072,67070
26549,38023,67070
21480,38108,67070
21554,38117,67070
21745,38129,67070
21833,38126,67070
21867,38082,67070
21940,38097,67070
21902,38112,67070
21888,38141,67070
22445,38136,67070
22482,38083,67070
22484,38142,67070
22535,38127,67070
22592,38119,67070
22707,38109,67070
22770,38121,67070
22847,38137,67070
22834,38084,67070
22896,38120,67070
22897,38092,67070
22864,38089,67070
22931,38081,67070
22970,38083,67070
22954,38114,67070
22942,38139,67070
22924,38116,67070
22986,38128,67070
23046,38138,67070
23115,38100,67070
23166,38098,67070
23223,38095,67070
23203,38142,67070
23347,38094,67070
23414,38143,67070
23481,38091,67070
23539,38105,67070
23624,38098,67070
23691,38088,67070
23755,38099,67070
23868,38131,67070
24142,38107,67070
24218,38111,67070
24313,38082,67070
24449,38128,67070
24678,38090,67070
24716,38109,67070
25037,38082,67070
25287,38129,67070
25317,38090,67070
25334,38120,67070
25370,38135,67070
25380,38095,67070
25350,38096,67070
25432,38114,67070
25519,38140,67070
25579,38138,67070
26393,38084,67070
21623,38147,67070
21748,38196,67070
21810,38164,67070
21846,38201,67070
21850,38155,67070
21889,38198,67070
21937,38187,67070
21949,38149,67070
21971,38182,67070
22090,38151,67070
22264,38177,67070
22317,38152,67070
22551,38204,67070
22653,38160,67070
22638,38191,67070
22664,38193,67070
22699,38164,67070
22776,38183,67070
22731,38189,67070
22891,38192,67070
22902,38159,67070
22947,38188,67070
23019,38195,67070
23097,38174,67070
23120,38196,67070
23152,38155,67070
23232,38184,67070
23283,38147,67070
23320,38175,67070
23497,38179,67070
23537,38181,67070
23561,38152,67070
23700,38164,67070
23923,38189,67070
23988,38152,67070
24106,38154,67070
24244,38194,67070
24297,38182,67070
24355,38188,67070
24577,38185,67070
24653,38146,67070
24812,38155,67070
24924,38170,67070
25173,38159,67070
25282,38184,67070
25342,38146,67070
25326,38179,67070
25377,38190,67070
25410,38155,67070
25499,38186,67070
21780,38228,67070
21912,38226,67070
21962,38221,67070
22237,38241,67070
22325,38210,67070
22287,38246,67070
22367,38212,67070
22343,38269,67070
22450,38227,67070
22632,38221,67070
22642,38254,67070
22597,38253,67070
22700,38209,67070
22706,38251,67070
22667,38233,67070
22757,38218,67070
22730,38228,67070
22799,38250,67070
22922,38269,67070
22998,38235,67070
23086,38264,67070
23057,38267,67070
23072,38240,67070
23091,38238,67070
23069,38215,67070
23046,38240,67070
23153,38246,67070
23143,38223,67070
23125,38239,67070
23134,38261,67070
23111,38264,67070
23106,38214,67070
23213,38262,67070
23173,38230,67070
23174,38260,67070
23348,38256,67070
23388,38219,67070
23446,38235,67070
23487,38245,67070
23613,38215,67070
23691,38230,67070
23770,38245,67070
23831,38255,67070
23892,38234,67070
23915,38270,67070
23940,38236,67070
23972,38241,67070
24021,38213,67070
24000,38254,67070
24075,38255,67070
24142,38232,67070
24378,38229,67070
24324,38243,67070
24428,38258,67070
24699,38248,67070
24892,38248,67070
25039,38258,67070
25270,38270,67070
25312,38224,67070
25352,38259,67070
25456,38264,67070
25699,38267,67070
22209,38318,67070
22268,38301,67070
22329,38323,67070
22387,38299,67070
22425,38308,67070
22518,38289,67070
22562,38282,67070
22543,38320,67070
22588,38330,67070
22617,38274,67070
22604,38300,67070
22623,38327,67070
22625,38301,67070
22647,38319,67070
22650,38292,67070
22691,38286,67070
22750,38276,67070
22726,38288,67070
22726,38326,67070
22748,38315,67070
22779,38318,67070
22822,38325,67070
22858,38324,67070
23004,38289,67070
23090,38323,67070
23062,38328,67070
23048,38297,67070
23076,38293,67070
23098,38293,67070
23139,38296,67070
23109,38328,67070
23218,38308,67070
23188,38279,67070
23184,38304,67070
23168,38281,67070
23280,38335,67070
23282,38273,67070
23239,38320,67070
23363,38315,67070
23400,38272,67070
23447,38297,67070
23480,38299,67070
23471,38326,67070
23511,38309,67070
23542,38275,67070
23495,38274,67070
23720,38290,67070
23796,38329,67070
23855,38300,67070
23894,38318,67070
23875,38275,67070
23926,38305,67070
23943,38331,67070
23974,38291,67070
23946,38275,67070
24018,38287,67070
24042,38315,67070
24147,38333,67070
24240,38296,67070
24346,38331,67070
24404,38299,67070
24445,38300,67070
24496,38282,67070
24826,38281,67070
24925,38316,67070
25645,38300,67070
22254,38351,67070
22281,38342,67070
22403,38382,67070
22474,38355,67070
22565,38377,67070
22616,38358,67070
22654,38365,67070
22625,38385,67070
22643,38342,67070
22700,38345,67070
22671,38340,67070
22665,38397,67070
22686,38378,67070
22736,38392,67070
22787,38365,67070
22829,38385,67070
22943,38376,67070
23028,38339,67070
23089,38375,67070
23092,38345,67070
23060,38361,67070
23131,38337,67070
23145,38362,67070
23136,38386,67070
23112,38393,67070
23117,38362,67070
23229,38355,67070
23180,38385,67070
23181,38338,67070
23293,38376,67070
23263,38354,67070
23246,38373,67070
23259,38388,67070
23238,38340,67070
23349,38365,67070
23331,38387,67070
23322,38348,67070
23386,38376,67070
23412,38372,67070
23363,38390,67070
23433,38340,67070
23507,38350,67070
23544,38336,67070
23580,38379,67070
23650,38343,67070
23858,38379,67070
23913,38354,67070
23987,38342,67070
24035,38356,67070
24032,38394,67070
24076,38380,67070
24227,38373,67070
24278,38373,67070
24400,38372,67070
24746,38336,67070
24832,38386,67070
24892,38397,67070
24950,38388,67070
25625,38354,67070
25680,38338,67070
22255,38415,67070
22321,38405,67070
22424,38455,67070
22533,38431,67070
22607,38456,67070
22641,38422,67070
22669,38437,67070
22700,38420,67070
22743,38457,67070
22801,38427,67070
22884,38463,67070
23017,38460,67070
23035,38412,67070
23063,38463,67070
23093,38421,67070
23155,38440,67070
23228,38420,67070
23276,38412,67070
23341,38451,67070
23318,38427,67070
23346,38411,67070
23373,38442,67070
23401,38460,67070
23396,38423,67070
23408,38400,67070
23461,38416,67070
23431,38444,67070
23522,38412,67070
23557,38458,67070
23599,38428,67070
23676,38434,67070
23718,38456,67070
23807,38459,67070
23893,38439,67070
23941,38405,67070
23989,38441,67070
23984,38404,67070
24031,38444,67070
24070,38432,67070
24150,38434,67070
24196,38427,67070
24254,38431,67070
24342,38443,67070
24620,38429,67070
25280,38432,67070
25613,38451,67070
25676,38408,67070
25672,38460,67070
22375,38471,67070
22417,38516,67070
22479,38486,67070
22567,38511,67070
22666,38469,67070
22698,38467,67070
22695,38523,67070
22723,38505,67070
22777,38521,67070
22806,38489,67070
22975,38474,67070
23039,38519,67070
23137,38521,67070
23105,38471,67070
23195,38521,67070
23206,38471,67070
23265,38483,67070
23317,38513,67070
23343,38527,67070
23337,38498,67070
23311,38477,67070
23326,38466,67070
23356,38490,67070
23360,38517,67070
23392,38486,67070
23417,38489,67070
23403,38521,67070
23378,38501,67070
23472,38495,67070
23464,38468,67070
23444,38491,67070
23430,38517,67070
23520,38466,67070
23544,38496,67070
23496,38464,67070
23594,38509,67070
23641,38473,67070
23738,38499,67070
23700,38512,67070
23941,38485,67070
24014,38508,67070
24119,38473,67070
24187,38516,67070
24173,38482,67070
24151,38515,67070
24226,38506,67070
24225,38464,67070
24305,38512,67070
24260,38479,67070
24461,38467,67070
24820,38473,67070
24935,38504,67070
25529,38521,67070
25544,38465,67070
25563,38520,67070
22649,38531,67070
22696,38584,67070
22743,38587,67070
22743,38540,67070
22836,38531,67070
22805,38563,67070
22866,38579,67070
22925,38541,67070
22984,38577,67070
23256,38551,67070
23243,38590,67070
23266,38589,67070
23307,38552,67070
23356,38554,67070
23380,38572,67070
23402,38589,67070
23406,38563,67070
23382,38538,67070
23451,38529,67070
23459,38572,67070
23434,38580,67070
23435,38543,67070
23544,38563,67070
23503,38545,67070
23602,38585,67070
23642,38546,67070
23741,38576,67070
23703,38572,67070
23731,38541,67070
23765,38544,67070
23844,38577,67070
23887,38586,67070
23947,38550,67070
24057,38588,67070
24148,38561,67070
24170,38537,67070
24210,38576,67070
24240,38542,67070
24202,38535,67070
24290,38573,67070
24343,38539,67070
24411,38545,67070
24514,38544,67070
24809,38570,67070
24884,38580,67070
24919,38587,67070
24990,38588,67070
25057,38560,67070
25404,38585,67070
25472,38572,67070
25535,38558,67070
25559,38584,67070
25584,38575,67070
25606,38542,67070
22795,38594,67070
23086,38611,67070
23189,38597,67070
23359,38604,67070
23487,38605,67070
23424,38645,67070
23462,38617,67070
23500,38642,67070
23522,38607,67070
23611,38634,67070
23573,38640,67070
23650,38614,67070
23706,38630,67070
23782,38599,67070
23744,38624,67070
23838,38615,67070
23941,38624,67070
24106,38639,67070
24133,38596,67070
24164,38608,67070
24153,38638,67070
24241,38635,67070
24194,38634,67070
24378,38632,67070
24477,38611,67070
24543,38615,67070
24603,38605,67070
24680,38620,67070
24901,38621,67070
25368,38595,67070
25522,38593,67070
23531,38676,67070
23489,38673,67070
23671,38689,67070
23738,38687,67070
23792,38689,67070
23874,38684,67070
24003,38702,67070
24132,38705,67070
24241,38716,67070
24303,38669,67070
24355,38693,67070
24404,38719,67070
24398,38680,67070
24457,38680,67070
24511,38676,67070
24609,38708,67070
24707,38717,67070
24810,38686,67070
23601,38720,67070
23657,38765,67070
23722,38733,67070
23846,38768,67070
23907,38749,67070
24310,38732,67070
24527,38731,67070
